CIDADE;RODAGEM;DISTANCIAS;LOMBADAS;SINALIZACAO;PEDAGIOS;CRUZAMENTOS
2022000101;2019;3;12;10;4;36
2022000102;2020;3;20;10;4;36
2022000103;2020;3;55;15;5;70
2022000104;2018;4;43;10;4;36
2022000105;2018;2;24;10;4;36
2022000106;2019;1;93;15;3;42
2022000107;2018;3;44;10;5;45
2022000108;2020;2;37;10;5;45
2022000109;2020;1;11;10;2;18
2022000110;2019;1;10;5;2;8
2022000111;2020;2;32;10;5;45
2022000112;2019;2;13;10;3;27
2022000113;2020;1;14;10;2;18
2022000114;2020;3;51;15;1;14
2022000115;2019;4;8;5;1;4
2022000116;2020;3;82;15;2;28
2022000117;2020;2;12;10;3;27
2022000118;2018;2;16;10;2;18
2022000119;2018;2;97;15;5;70
2022000120;2018;4;87;15;5;70
2022000121;2020;1;36;10;4;36
2022000122;2019;1;30;10;5;45
2022000123;2018;1;6;5;4;16
2022000124;2019;1;4;5;5;20
2022000125;2019;2;13;10;2;18
2022000126;2019;1;32;10;1;9
2022000127;2018;4;17;10;4;36
2022000128;2018;3;77;15;1;14
2022000129;2019;3;54;15;2;28
2022000130;2018;3;53;15;4;56
2022000131;2020;1;7;5;5;20
2022000132;2020;3;93;15;1;14
2022000133;2020;2;47;10;1;9
2022000134;2019;1;8;5;2;8
2022000135;2018;2;14;10;1;9
2022000136;2019;1;6;5;1;4
2022000137;2018;1;6;5;3;12
2022000138;2020;1;8;5;3;12
2022000139;2018;2;13;10;5;45
2022000140;2019;2;13;10;3;27
2022000141;2020;1;8;5;4;16
2022000142;2020;1;13;10;5;45
2022000143;2020;1;8;5;2;8
2022000144;2020;3;6;5;5;20
2022000145;2020;1;21;10;1;9
2022000146;2019;1;11;10;2;18
2022000147;2020;1;10;5;4;16
2022000148;2018;1;46;10;4;36
2022000149;2020;1;51;15;2;28
2022000150;2019;3;79;15;4;56
2022000151;2020;3;66;15;2;28
2022000152;2020;3;92;15;1;14
2022000153;2019;1;3;5;5;20
2022000154;2018;1;22;10;3;27
2022000155;2018;1;4;5;4;16
2022000156;2020;1;10;5;3;12
2022000157;2020;1;11;10;2;18
2022000158;2019;3;43;10;2;18
2022000159;2019;1;8;5;2;8
2022000160;2020;3;63;15;2;28
2022000161;2020;3;58;15;1;14
2022000162;2018;3;8;5;1;4
2022000163;2019;4;20;10;4;36
2022000164;2020;1;52;15;2;28
2022000165;2018;1;35;10;1;9
2022000166;2020;1;53;15;4;56
2022000167;2019;1;8;5;5;20
2022000168;2018;3;22;10;2;18
2022000169;2019;1;6;5;4;16
2022000170;2019;1;2;5;1;4
2022000171;2019;1;9;5;4;16
2022000172;2019;2;10;5;3;12
2022000173;2019;3;40;10;3;27
2022000174;2018;1;5;5;3;12
2022000175;2020;1;6;5;5;20
2022000176;2020;1;64;15;3;42
2022000177;2020;2;95;15;1;14
2022000178;2018;3;72;15;3;42
2022000179;2018;3;48;10;5;45
2022000180;2018;3;58;15;2;28
2022000181;2019;4;90;15;4;56
2022000182;2020;4;70;15;1;14
2022000183;2019;3;58;15;3;42
2022000184;2020;2;74;15;2;28
2022000185;2020;3;49;10;2;18
2022000186;2018;3;33;10;5;45
2022000187;2020;3;29;10;2;18
2022000188;2019;3;31;10;2;18
2022000189;2019;1;69;15;2;28
2022000190;2019;4;38;10;4;36
2022000191;2018;2;22;10;1;9
2022000192;2018;1;6;5;5;20
2022000193;2020;3;7;5;5;20
2022000194;2020;1;4;5;1;4
2022000195;2019;1;8;5;1;4
2022000196;2020;1;13;10;4;36
2022000197;2018;1;13;10;3;27
2022000198;2018;1;30;10;1;9
2022000199;2020;3;75;15;5;70
2022000200;2018;2;9;5;2;8
2022000201;2020;1;22;10;5;45
2022000202;2020;3;29;10;5;45
2022000203;2019;4;22;10;2;18
2022000204;2020;3;22;10;4;36
2022000205;2018;2;37;10;2;18
2022000206;2020;3;36;10;4;36
2022000207;2020;2;14;10;2;18
2022000208;2020;1;10;5;5;20
2022000209;2019;3;8;5;3;12
2022000210;2018;2;66;15;3;42
2022000211;2019;2;32;10;3;27
2022000212;2020;2;99;15;2;28
2022000213;2019;3;12;10;1;9
2022000214;2019;3;32;10;3;27
2022000215;2020;3;15;10;3;27
2022000216;2020;2;13;10;5;45
2022000217;2018;2;56;15;5;70
2022000218;2018;1;19;10;3;27
2022000219;2020;2;17;10;3;27
2022000220;2019;2;58;15;4;56
2022000221;2018;1;8;5;3;12
2022000222;2019;4;25;10;1;9
2022000223;2020;2;14;10;2;18
2022000224;2019;1;7;5;5;20
2022000225;2019;1;7;5;2;8
2022000226;2019;1;15;10;3;27
2022000227;2018;4;82;15;4;56
2022000228;2019;1;9;5;5;20
2022000229;2018;2;2;5;4;16
2022000230;2019;2;19;10;5;45
2022000231;2019;1;13;10;4;36
2022000232;2018;2;4;5;3;12
2022000233;2020;2;17;10;1;9
2022000234;2020;1;5;5;1;4
2022000235;2019;1;6;5;5;20
2022000236;2018;1;7;5;5;20
2022000237;2018;3;40;10;1;9
2022000238;2019;2;23;10;4;36
2022000239;2018;1;9;5;5;20
2022000240;2018;3;84;15;3;42
2022000241;2020;2;86;15;1;14
2022000242;2019;1;16;10;3;27
2022000243;2019;4;82;15;2;28
2022000244;2019;2;19;10;5;45
2022000245;2018;4;19;10;4;36
2022000246;2019;3;48;10;4;36
2022000247;2019;1;76;15;4;56
2022000248;2018;1;14;10;2;18
2022000249;2019;2;57;15;4;56
2022000250;2020;2;26;10;4;36
2022000251;2019;1;90;15;4;56
2022000252;2019;2;87;15;5;70
2022000253;2018;2;70;15;3;42
2022000254;2020;3;39;10;4;36
2022000255;2019;1;9;5;4;16
2022000256;2018;1;63;15;4;56
2022000257;2020;2;44;10;5;45
2022000258;2018;2;33;10;1;9
2022000259;2018;1;24;10;3;27
2022000260;2018;2;74;15;1;14
2022000261;2018;4;43;10;5;45
2022000262;2019;3;55;15;3;42
2022000263;2019;3;51;15;1;14
2022000264;2018;2;47;10;4;36
2022000265;2019;4;62;15;2;28
2022000266;2018;4;69;15;4;56
2022000267;2019;3;60;15;4;56
2022000268;2019;3;85;15;2;28
2022000269;2019;3;86;15;4;56
2022000270;2018;3;84;15;5;70
2022000271;2020;2;41;10;4;36
2022000272;2020;2;22;10;4;36
2022000273;2018;4;44;10;4;36
2022000274;2020;3;64;15;1;14
2022000275;2019;1;16;10;2;18
2022000276;2018;2;45;10;1;9
2022000277;2020;1;28;10;4;36
2022000278;2019;2;36;10;2;18
2022000279;2018;2;59;15;5;70
2022000280;2018;3;23;10;2;18
2022000281;2019;1;16;10;4;36
2022000282;2018;3;10;5;2;8
2022000283;2019;3;51;15;1;14
2022000284;2020;2;68;15;2;28
2022000285;2020;2;53;15;3;42
2022000286;2018;1;7;5;3;12
2022000287;2018;1;14;10;3;27
2022000288;2018;1;6;5;3;12
2022000289;2018;2;6;5;5;20
2022000290;2019;2;49;10;5;45
2022000291;2020;4;21;10;5;45
2022000292;2020;3;88;15;2;28
2022000293;2018;1;7;5;1;4
2022000294;2018;1;6;5;2;8
2022000295;2020;2;22;10;2;18
2022000296;2020;1;13;10;3;27
2022000297;2020;1;7;5;4;16
2022000298;2019;3;10;5;3;12
2022000299;2019;1;9;5;1;4
2022000300;2018;1;13;10;1;9
2022000301;2019;1;15;10;3;27
2022000302;2018;1;19;10;2;18
2022000303;2018;1;15;10;2;18
2022000304;2018;2;21;10;4;36
2022000305;2020;2;17;10;4;36
2022000306;2018;2;12;10;3;27
2022000307;2018;2;13;10;3;27
2022000308;2019;2;11;10;2;18
2022000309;2018;2;10;5;3;12
2022000310;2018;2;13;10;4;36
2022000311;2019;2;10;5;4;16
2022000312;2019;3;21;10;3;27
2022000313;2020;4;7;5;3;12
2022000314;2019;1;19;10;1;9
2022000315;2020;2;16;10;5;45
2022000316;2019;1;58;15;1;14
2022000317;2020;2;11;10;4;36
2022000318;2018;2;68;15;1;14
2022000319;2020;2;8;5;5;20
2022000320;2019;3;9;5;4;16
2022000321;2019;1;7;5;2;8
2022000322;2019;1;16;10;4;36
2022000323;2019;1;10;5;1;4
2022000324;2020;1;20;10;5;45
2022000325;2018;2;2;5;5;20
2022000326;2020;2;68;15;3;42
2022000327;2020;1;4;5;2;8
2022000328;2018;2;36;10;2;18
2022000329;2019;2;15;10;2;18
2022000330;2019;1;9;5;1;4
2022000331;2020;1;9;5;5;20
2022000332;2018;1;48;10;4;36
2022000333;2020;2;58;15;2;28
2022000334;2018;3;18;10;1;9
2022000335;2019;1;67;15;1;14
2022000336;2020;1;2;5;1;4
2022000337;2019;1;27;10;1;9
2022000338;2020;1;87;15;5;70
2022000339;2019;1;78;15;5;70
2022000340;2018;1;3;5;3;12
2022000341;2019;2;18;10;5;45
2022000342;2019;1;4;5;5;20
2022000343;2019;1;87;15;5;70
2022000344;2018;1;34;10;2;18
2022000345;2019;1;69;15;2;28
2022000346;2020;1;87;15;4;56
2022000347;2018;3;28;10;1;9
2022000348;2018;3;10;5;5;20
2022000349;2018;4;59;15;5;70
2022000350;2019;3;76;15;1;14
2022000351;2019;3;55;15;5;70
2022000352;2020;3;62;15;5;70
2022000353;2020;3;72;15;5;70
2022000354;2018;3;29;10;1;9
2022000355;2020;3;52;15;1;14
2022000356;2020;4;72;15;4;56
2022000357;2020;3;54;15;4;56
2022000358;2018;3;58;15;4;56
2022000359;2018;3;79;15;4;56
2022000360;2019;2;49;10;4;36
2022000361;2019;2;71;15;5;70
2022000362;2020;3;37;10;4;36
2022000363;2020;4;3;5;3;12
2022000364;2019;2;77;15;5;70
2022000365;2020;3;89;15;2;28
2022000366;2019;1;66;15;3;42
2022000367;2018;1;6;5;3;12
2022000368;2019;1;7;5;5;20
2022000369;2020;3;7;5;4;16
2022000370;2020;4;12;10;3;27
2022000371;2019;2;19;10;4;36
2022000372;2019;1;9;5;2;8
2022000373;2018;1;37;10;1;9
2022000374;2019;1;52;15;3;42
2022000375;2020;3;4;5;3;12
2022000376;2020;3;6;5;2;8
2022000377;2018;2;2;5;2;8
2022000378;2019;3;12;10;2;18
2022000379;2018;4;15;10;1;9
2022000380;2019;3;4;5;3;12
2022000381;2019;3;9;5;5;20
2022000382;2018;2;10;5;5;20
2022000383;2020;3;8;5;4;16
2022000384;2018;3;8;5;3;12
2022000385;2020;1;8;5;5;20
2022000386;2018;3;9;5;4;16
2022000387;2020;3;18;10;2;18
2022000388;2020;3;5;5;1;4
2022000389;2020;2;12;10;2;18
2022000390;2019;1;53;15;2;28
2022000391;2018;1;25;10;3;27
2022000392;2020;1;17;10;4;36
2022000393;2019;1;18;10;1;9
2022000394;2018;1;7;5;3;12
2022000395;2020;3;6;5;5;20
2022000396;2018;1;49;10;3;27
2022000397;2020;2;55;15;4;56
2022000398;2018;1;63;15;2;28
2022000399;2019;1;75;15;2;28
2022000400;2018;1;4;5;4;16
2022000401;2019;2;26;10;3;27
2022000402;2020;3;34;10;1;9
2022000403;2020;3;36;10;5;45
2022000404;2018;3;25;10;3;27
2022000405;2018;3;5;5;5;20
2022000406;2019;1;5;5;5;20
2022000407;2018;1;3;5;2;8
2022000408;2018;1;3;5;5;20
2022000409;2020;1;17;10;3;27
2022000410;2019;2;48;10;3;27
2022000411;2019;3;7;5;4;16
2022000412;2019;3;11;10;1;9
2022000413;2018;3;11;10;1;9
2022000414;2018;1;48;10;3;27
2022000415;2018;2;61;15;1;14
2022000416;2019;3;49;10;3;27
2022000417;2019;4;51;15;3;42
2022000418;2018;2;34;10;1;9
2022000419;2018;4;49;10;4;36
2022000420;2019;4;84;15;5;70
2022000421;2019;3;45;10;4;36
2022000422;2020;3;52;15;1;14
2022000423;2020;3;83;15;1;14
2022000424;2020;3;33;10;2;18
2022000425;2018;1;23;10;2;18
2022000426;2020;3;87;15;4;56
2022000427;2020;3;44;10;4;36
2022000428;2020;3;65;15;4;56
2022000429;2018;3;73;15;2;28
2022000430;2019;3;29;10;1;9
2022000431;2018;3;55;15;1;14
2022000432;2018;3;26;10;3;27
2022000433;2019;3;36;10;3;27
2022000434;2018;4;88;15;2;28
2022000435;2019;3;77;15;5;70
2022000436;2019;3;12;10;2;18
2022000437;2019;3;47;10;1;9
2022000438;2019;2;67;15;4;56
2022000439;2018;1;21;10;1;9
2022000440;2018;3;88;15;2;28
2022000441;2020;2;72;15;1;14
2022000442;2018;3;50;10;3;27
2022000443;2019;1;86;15;5;70
2022000444;2020;3;67;15;2;28
2022000445;2020;3;85;15;5;70
2022000446;2019;3;67;15;5;70
2022000447;2020;1;44;10;4;36
2022000448;2018;2;48;10;5;45
2022000449;2020;1;51;15;2;28
2022000450;2019;1;21;10;5;45
2022000451;2018;1;10;5;2;8
2022000452;2020;1;7;5;5;20
2022000453;2019;2;10;5;5;20
2022000454;2019;1;9;5;1;4
2022000455;2019;1;7;5;1;4
2022000456;2020;1;83;15;1;14
2022000457;2018;1;49;10;4;36
2022000458;2019;2;10;5;2;8
2022000459;2020;1;8;5;4;16
2022000460;2020;3;48;10;1;9
2022000461;2019;2;9;5;4;16
2022000462;2020;2;20;10;2;18
2022000463;2020;1;7;5;2;8
2022000464;2018;1;2;5;5;20
2022000465;2018;4;8;5;5;20
2022000466;2020;1;3;5;1;4
2022000467;2018;1;7;5;3;12
2022000468;2018;1;6;5;4;16
2022000469;2018;1;10;5;5;20
2022000470;2020;3;19;10;2;18
2022000471;2018;1;4;5;4;16
2022000472;2020;2;6;5;1;4
2022000473;2018;3;5;5;4;16
2022000474;2018;3;7;5;1;4
2022000475;2020;2;4;5;4;16
2022000476;2019;1;6;5;3;12
2022000477;2018;2;5;5;3;12
2022000478;2020;3;5;5;2;8
2022000479;2018;1;21;10;4;36
2022000480;2020;1;18;10;3;27
2022000481;2020;1;4;5;4;16
2022000482;2018;1;2;5;1;4
2022000483;2020;1;2;5;5;20
2022000484;2018;1;12;10;3;27
2022000485;2019;4;9;5;5;20
2022000486;2019;1;4;5;5;20
2022000487;2020;1;3;5;1;4
2022000488;2019;2;58;15;5;70
2022000489;2020;1;47;10;4;36
2022000490;2019;1;78;15;5;70
2022000491;2020;3;7;5;1;4
2022000492;2019;1;8;5;5;20
2022000493;2019;3;7;5;4;16
2022000494;2018;1;10;5;2;8
2022000495;2019;3;57;15;5;70
2022000496;2018;1;62;15;2;28
2022000497;2018;1;3;5;3;12
2022000498;2020;3;36;10;4;36
2022000499;2018;1;13;10;2;18
2022000500;2020;1;15;10;5;45
2022000501;2018;1;3;5;1;4
2022000502;2019;1;24;10;1;9
2022000503;2018;4;37;10;2;18
2022000504;2018;1;4;5;5;20
2022000505;2018;1;4;5;2;8
2022000506;2019;3;42;10;2;18
2022000507;2018;2;32;10;5;45
2022000508;2019;3;50;10;3;27
2022000509;2018;4;6;5;1;4
2022000510;2019;2;6;5;3;12
2022000511;2019;2;90;15;4;56
2022000512;2019;4;65;15;1;14
2022000513;2018;2;42;10;1;9
2022000514;2020;4;35;10;5;45
2022000515;2019;3;91;15;2;28
2022000516;2018;3;26;10;4;36
2022000517;2019;3;68;15;1;14
2022000518;2019;1;33;10;4;36
2022000519;2019;4;86;15;4;56
2022000520;2019;4;25;10;4;36
2022000521;2020;2;31;10;5;45
2022000522;2019;2;67;15;1;14
2022000523;2020;3;5;5;4;16
2022000524;2018;3;8;5;3;12
2022000525;2018;4;65;15;2;28
2022000526;2020;3;30;10;1;9
2022000527;2020;3;25;10;1;9
2022000528;2020;3;14;10;3;27
2022000529;2020;3;40;10;2;18
2022000530;2018;3;73;15;5;70
2022000531;2019;1;49;10;5;45
2022000532;2018;3;23;10;3;27
2022000533;2019;4;40;10;5;45
2022000534;2020;4;31;10;2;18
2022000535;2019;1;7;5;4;16
2022000536;2019;3;13;10;3;27
2022000537;2020;3;90;15;4;56
2022000538;2019;2;54;15;2;28
2022000539;2018;2;56;15;3;42
2022000540;2020;3;30;10;3;27
2022000541;2020;2;54;15;1;14
2022000542;2020;3;32;10;1;9
2022000543;2019;4;33;10;3;27
2022000544;2018;2;43;10;1;9
2022000545;2019;3;98;15;5;70
2022000546;2020;1;59;15;2;28
2022000547;2018;3;51;15;3;42
2022000548;2019;3;59;15;2;28
2022000549;2019;2;34;10;2;18
2022000550;2019;2;25;10;1;9
2022000551;2019;2;80;15;3;42
2022000552;2020;1;98;15;4;56
2022000553;2018;2;5;5;3;12
2022000554;2019;1;30;10;3;27
2022000555;2020;2;41;10;5;45
2022000556;2019;1;12;10;3;27
2022000557;2020;3;50;10;2;18
2022000558;2018;1;50;10;4;36
2022000559;2020;1;11;10;4;36
2022000560;2019;1;75;15;3;42
2022000561;2019;1;87;15;4;56
2022000562;2020;1;66;15;1;14
2022000563;2018;1;67;15;4;56
2022000564;2019;1;76;15;5;70
2022000565;2020;2;14;10;5;45
2022000566;2020;2;8;5;1;4
2022000567;2018;1;9;5;2;8
2022000568;2020;1;7;5;1;4
2022000569;2019;3;67;15;1;14
2022000570;2020;3;62;15;3;42
2022000571;2020;3;67;15;4;56
2022000572;2019;4;73;15;5;70
2022000573;2018;3;65;15;4;56
2022000574;2019;1;3;5;5;20
2022000575;2020;1;4;5;3;12
2022000576;2020;1;4;5;5;20
2022000577;2019;1;4;5;5;20
2022000578;2019;1;4;5;4;16
2022000579;2020;2;27;10;4;36
2022000580;2019;2;3;5;5;20
2022000581;2018;1;4;5;3;12
2022000582;2019;1;4;5;3;12
2022000583;2019;1;6;5;4;16
2022000584;2019;2;8;5;3;12
2022000585;2019;2;59;15;5;70
2022000586;2020;3;6;5;4;16
2022000587;2019;2;20;10;3;27
2022000588;2018;1;14;10;3;27
2022000589;2020;2;23;10;1;9
2022000590;2020;4;81;15;4;56
2022000591;2018;1;81;15;3;42
2022000592;2018;1;2;5;3;12
2022000593;2018;2;10;5;4;16
2022000594;2020;2;59;15;3;42
2022000595;2019;2;15;10;2;18
2022000596;2018;1;15;10;5;45
2022000597;2020;2;11;10;4;36
2022000598;2019;1;6;5;4;16
2022000599;2018;2;5;5;5;20
2022000600;2019;2;6;5;4;16
2022000601;2018;2;15;10;1;9
2022000602;2018;2;4;5;3;12
2022000603;2020;1;5;5;3;12
2022000604;2019;3;32;10;5;45
2022000605;2020;2;12;10;5;45
2022000606;2020;2;7;5;2;8
2022000607;2019;2;9;5;1;4
2022000608;2019;2;12;10;3;27
2022000609;2019;2;21;10;3;27
2022000610;2020;2;8;5;3;12
2022000611;2019;2;15;10;2;18
2022000612;2018;2;91;15;1;14
2022000613;2020;1;10;5;2;8
2022000614;2020;2;9;5;2;8
2022000615;2020;2;71;15;3;42
2022000616;2019;2;4;5;5;20
2022000617;2020;2;7;5;5;20
2022000618;2019;1;32;10;1;9
2022000619;2018;2;8;5;1;4
2022000620;2020;2;5;5;2;8
2022000621;2018;2;5;5;1;4
2022000622;2018;2;4;5;2;8
2022000623;2019;2;39;10;5;45
2022000624;2019;2;4;5;2;8
2022000625;2019;2;12;10;5;45
2022000626;2019;2;4;5;1;4
2022000627;2018;2;21;10;3;27
2022000628;2020;2;15;10;2;18
2022000629;2020;1;7;5;1;4
2022000630;2019;1;7;5;5;20
2022000631;2020;1;7;5;5;20
2022000632;2019;1;10;5;2;8
2022000633;2019;1;6;5;5;20
2022000634;2018;1;23;10;3;27
2022000635;2019;1;40;10;3;27
2022000636;2018;1;9;5;5;20
2022000637;2018;2;28;10;5;45
2022000638;2018;1;6;5;4;16
2022000639;2018;1;8;5;4;16
2022000640;2020;2;15;10;4;36
2022000641;2019;2;11;10;2;18
2022000642;2020;1;9;5;4;16
2022000643;2020;1;9;5;1;4
2022000644;2020;1;30;10;1;9
2022000645;2019;1;72;15;5;70
2022000646;2018;1;20;10;3;27
2022000647;2018;1;13;10;1;9
2022000648;2019;1;6;5;5;20
2022000649;2020;1;20;10;4;36
2022000650;2020;2;13;10;4;36
2022000651;2020;1;3;5;3;12
2022000652;2018;1;71;15;5;70
2022000653;2019;1;74;15;5;70
2022000654;2019;1;32;10;5;45
2022000655;2018;1;16;10;5;45
2022000656;2019;1;87;15;1;14
2022000657;2018;1;11;10;3;27
2022000658;2020;1;5;5;3;12
2022000659;2020;1;3;5;5;20
2022000660;2018;2;52;15;1;14
2022000661;2019;1;10;5;5;20
2022000662;2020;2;40;10;3;27
2022000663;2018;1;5;5;3;12
2022000664;2020;1;6;5;4;16
2022000665;2019;2;80;15;3;42
2022000666;2020;1;3;5;3;12
2022000667;2018;1;18;10;5;45
2022000668;2020;3;22;10;3;27
2022000669;2018;3;14;10;5;45
2022000670;2020;4;51;15;4;56
2022000671;2020;3;45;10;2;18
2022000672;2018;2;43;10;5;45
2022000673;2019;4;20;10;2;18
2022000674;2020;4;32;10;4;36
2022000675;2019;2;36;10;2;18
2022000676;2019;3;31;10;2;18
2022000677;2019;3;57;15;3;42
2022000678;2020;3;54;15;2;28
2022000679;2020;3;11;10;1;9
2022000680;2018;4;69;15;4;56
2022000681;2019;3;75;15;1;14
2022000682;2020;3;88;15;1;14
2022000683;2020;3;63;15;2;28
2022000684;2018;3;48;10;4;36
2022000685;2018;3;82;15;1;14
2022000686;2019;3;18;10;1;9
2022000687;2018;3;8;5;1;4
2022000688;2019;3;40;10;4;36
2022000689;2020;4;83;15;5;70
2022000690;2020;2;29;10;4;36
2022000691;2018;3;84;15;2;28
2022000692;2019;3;7;5;2;8
2022000693;2018;2;85;15;5;70
2022000694;2019;3;86;15;1;14
2022000695;2020;2;68;15;3;42
2022000696;2020;3;43;10;2;18
2022000697;2018;4;38;10;1;9
2022000698;2018;4;85;15;4;56
2022000699;2018;3;66;15;3;42
2022000700;2019;3;13;10;5;45
2022000701;2018;1;89;15;5;70
2022000702;2018;2;88;15;1;14
2022000703;2019;3;37;10;4;36
2022000704;2018;3;58;15;5;70
2022000705;2018;3;13;10;2;18
2022000706;2020;3;25;10;3;27
2022000707;2020;1;70;15;3;42
2022000708;2020;3;6;5;3;12
2022000709;2018;1;17;10;3;27
2022000710;2020;2;22;10;3;27
2022000711;2020;1;33;10;2;18
2022000712;2018;1;7;5;1;4
2022000713;2020;2;17;10;3;27
2022000714;2019;4;15;10;5;45
2022000715;2018;3;3;5;2;8
2022000716;2020;1;4;5;5;20
2022000717;2018;1;5;5;1;4
2022000718;2019;1;4;5;4;16
2022000719;2020;1;26;10;4;36
2022000720;2020;1;9;5;3;12
2022000721;2018;1;24;10;5;45
2022000722;2019;1;6;5;1;4
2022000723;2020;1;5;5;2;8
2022000724;2020;2;8;5;1;4
2022000725;2020;2;11;10;1;9
2022000726;2018;1;6;5;3;12
2022000727;2018;1;6;5;4;16
2022000728;2018;2;81;15;4;56
2022000729;2020;3;16;10;4;36
2022000730;2019;1;4;5;2;8
2022000731;2018;1;60;15;1;14
2022000732;2020;2;7;5;1;4
2022000733;2018;2;5;5;3;12
2022000734;2019;1;6;5;3;12
2022000735;2020;1;2;5;3;12
2022000736;2019;2;6;5;3;12
2022000737;2018;2;12;10;3;27
2022000738;2020;2;24;10;1;9
2022000739;2020;2;5;5;5;20
2022000740;2018;2;5;5;3;12
2022000741;2018;2;16;10;1;9
2022000742;2018;2;18;10;2;18
2022000743;2019;2;7;5;3;12
2022000744;2020;2;5;5;5;20
2022000745;2019;3;7;5;5;20
2022000746;2019;2;25;10;5;45
2022000747;2019;2;7;5;4;16
2022000748;2019;2;4;5;2;8
2022000749;2020;2;8;5;1;4
2022000750;2018;2;10;5;4;16
2022000751;2020;2;27;10;5;45
2022000752;2019;3;8;5;4;16
2022000753;2020;2;19;10;1;9
2022000754;2019;2;10;5;3;12
2022000755;2018;2;5;5;2;8
2022000756;2020;1;5;5;1;4
2022000757;2018;2;12;10;2;18
2022000758;2020;2;5;5;5;20
2022000759;2018;1;7;5;2;8
2022000760;2018;4;6;5;5;20
2022000761;2019;2;52;15;2;28
2022000762;2018;1;5;5;5;20
2022000763;2019;1;4;5;5;20
2022000764;2018;1;11;10;1;9
2022000765;2018;1;4;5;4;16
2022000766;2019;1;13;10;3;27
2022000767;2018;2;22;10;3;27
2022000768;2020;1;23;10;2;18
2022000769;2018;1;5;5;5;20
2022000770;2019;1;5;5;2;8
2022000771;2019;1;3;5;5;20
2022000772;2018;1;13;10;1;9
2022000773;2020;1;1;5;1;4
2022000774;2019;1;3;5;3;12
2022000775;2018;2;30;10;2;18
2022000776;2018;2;48;10;3;27
2022000777;2019;2;66;15;4;56
2022000778;2018;2;17;10;4;36
2022000779;2018;1;2;5;2;8
2022000780;2018;1;35;10;4;36
2022000781;2019;2;76;15;5;70
2022000782;2019;4;62;15;5;70
2022000783;2019;4;90;15;1;14
2022000784;2019;2;8;5;5;20
2022000785;2020;3;32;10;4;36
2022000786;2019;3;27;10;3;27
2022000787;2018;2;81;15;4;56
2022000788;2020;4;57;15;2;28
2022000789;2020;3;11;10;1;9
2022000790;2018;3;26;10;4;36
2022000791;2019;2;44;10;3;27
2022000792;2019;2;14;10;3;27
2022000793;2019;3;23;10;3;27
2022000794;2019;3;82;15;3;42
2022000795;2019;4;61;15;1;14
2022000796;2018;4;48;10;1;9
2022000797;2018;3;5;5;4;16
2022000798;2019;3;6;5;2;8
2022000799;2019;1;42;10;4;36
2022000800;2019;3;62;15;3;42
2022000801;2019;3;5;5;4;16
2022000802;2018;3;64;15;5;70
2022000803;2020;3;46;10;2;18
2022000804;2020;3;49;10;1;9
2022000805;2019;3;67;15;3;42
2022000806;2019;3;8;5;5;20
2022000807;2020;3;20;10;3;27
2022000808;2019;1;17;10;3;27
2022000809;2020;2;9;5;2;8
2022000810;2019;3;89;15;5;70
2022000811;2019;3;53;15;5;70
2022000812;2020;4;68;15;5;70
2022000813;2019;3;62;15;1;14
2022000814;2018;3;18;10;3;27
2022000815;2020;2;48;10;4;36
2022000816;2020;1;70;15;5;70
2022000817;2020;3;26;10;3;27
2022000818;2018;2;6;5;3;12
2022000819;2018;2;84;15;2;28
2022000820;2019;1;72;15;5;70
2022000821;2020;3;10;5;1;4
2022000822;2020;2;43;10;3;27
2022000823;2020;4;57;15;5;70
2022000824;2018;4;55;15;1;14
2022000825;2018;4;33;10;3;27
2022000826;2019;4;60;15;1;14
2022000827;2019;3;46;10;1;9
2022000828;2018;3;27;10;1;9
2022000829;2020;1;33;10;5;45
2022000830;2020;4;10;5;2;8
2022000831;2019;4;85;15;4;56
2022000832;2018;3;61;15;2;28
2022000833;2018;3;12;10;2;18
2022000834;2018;4;45;10;4;36
2022000835;2018;1;68;15;3;42
2022000836;2019;3;65;15;1;14
2022000837;2018;2;98;15;4;56
2022000838;2020;2;43;10;2;18
2022000839;2018;2;56;15;4;56
2022000840;2019;3;98;15;2;28
2022000841;2018;3;79;15;2;28
2022000842;2018;2;82;15;2;28
2022000843;2020;3;89;15;1;14
2022000844;2018;3;18;10;1;9
2022000845;2018;1;57;15;5;70
2022000846;2018;3;77;15;4;56
2022000847;2019;3;35;10;5;45
2022000848;2018;1;21;10;1;9
2022000849;2018;1;12;10;1;9
2022000850;2019;1;11;10;1;9
2022000851;2020;2;19;10;5;45
2022000852;2020;1;10;5;5;20
2022000853;2020;1;8;5;4;16
2022000854;2020;2;8;5;3;12
2022000855;2020;1;7;5;3;12
2022000856;2019;3;19;10;2;18
2022000857;2019;2;6;5;5;20
2022000858;2019;2;30;10;3;27
2022000859;2018;1;4;5;1;4
2022000860;2020;1;16;10;1;9
2022000861;2018;3;20;10;5;45
2022000862;2020;1;14;10;1;9
2022000863;2020;2;19;10;4;36
2022000864;2019;3;7;5;5;20
2022000865;2020;3;19;10;1;9
2022000866;2018;1;9;5;2;8
2022000867;2019;1;11;10;3;27
2022000868;2020;1;6;5;4;16
2022000869;2020;1;7;5;3;12
2022000870;2019;1;17;10;4;36
2022000871;2019;1;9;5;1;4
2022000872;2020;1;13;10;2;18
2022000873;2019;1;12;10;5;45
2022000874;2018;1;9;5;3;12
2022000875;2020;1;7;5;1;4
2022000876;2018;2;10;5;5;20
2022000877;2019;1;7;5;4;16
2022000878;2020;2;5;5;1;4
2022000879;2020;1;9;5;1;4
2022000880;2019;1;10;5;1;4
2022000881;2020;1;4;5;1;4
2022000882;2020;2;22;10;3;27
2022000883;2020;1;4;5;3;12
2022000884;2019;1;4;5;2;8
2022000885;2019;3;21;10;2;18
2022000886;2019;1;48;10;1;9
2022000887;2020;2;21;10;1;9
2022000888;2020;1;9;5;3;12
2022000889;2019;4;22;10;4;36
2022000890;2020;2;21;10;2;18
2022000891;2018;1;9;5;2;8
2022000892;2020;1;17;10;4;36
2022000893;2020;1;43;10;5;45
2022000894;2020;2;43;10;4;36
2022000895;2019;2;49;10;1;9
2022000896;2018;3;23;10;5;45
2022000897;2018;1;8;5;2;8
2022000898;2020;2;8;5;3;12
2022000899;2019;1;9;5;2;8
2022000900;2020;1;8;5;3;12
2022000901;2020;2;7;5;3;12
2022000902;2019;3;22;10;3;27
2022000903;2018;2;8;5;3;12
2022000904;2020;1;11;10;3;27
2022000905;2018;1;8;5;5;20
2022000906;2019;1;8;5;4;16
2022000907;2019;1;9;5;1;4
2022000908;2018;1;3;5;4;16
2022000909;2019;1;7;5;5;20
2022000910;2020;2;11;10;3;27
2022000911;2018;4;22;10;5;45
2022000912;2019;2;10;5;1;4
2022000913;2019;1;8;5;5;20
2022000914;2019;2;25;10;1;9
2022000915;2019;2;23;10;2;18
2022000916;2018;1;9;5;4;16
2022000917;2020;1;19;10;5;45
2022000918;2018;1;9;5;1;4
2022000919;2019;3;23;10;2;18
2022000920;2020;2;8;5;4;16
2022000921;2020;2;21;10;4;36
2022000922;2020;2;26;10;4;36
2022000923;2020;3;11;10;5;45
2022000924;2019;1;10;5;5;20
2022000925;2019;1;6;5;4;16
2022000926;2020;1;7;5;4;16
2022000927;2019;4;5;5;2;8
2022000928;2020;1;8;5;2;8
2022000929;2020;3;5;5;1;4
2022000930;2018;1;12;10;1;9
2022000931;2018;3;5;5;2;8
2022000932;2020;3;5;5;3;12
2022000933;2018;2;18;10;1;9
2022000934;2019;4;13;10;3;27
2022000935;2020;3;16;10;2;18
2022000936;2018;1;7;5;2;8
2022000937;2018;2;16;10;5;45
2022000938;2018;2;5;5;1;4
2022000939;2020;2;7;5;3;12
2022000940;2019;2;6;5;1;4
2022000941;2019;1;12;10;3;27
2022000942;2018;1;7;5;3;12
2022000943;2020;1;10;5;1;4
2022000944;2018;2;17;10;5;45
2022000945;2018;1;11;10;2;18
2022000946;2020;2;3;5;3;12
2022000947;2019;1;4;5;2;8
2022000948;2020;2;15;10;2;18
2022000949;2020;1;12;10;4;36
2022000950;2020;1;7;5;5;20
2022000951;2019;2;21;10;5;45
2022000952;2018;1;2;5;4;16
2022000953;2020;1;2;5;5;20
2022000954;2019;2;44;10;1;9
2022000955;2019;2;9;5;3;12
2022000956;2019;1;13;10;3;27
2022000957;2020;3;6;5;2;8
2022000958;2019;1;11;10;2;18
2022000959;2019;2;16;10;1;9
2022000960;2019;1;11;10;4;36
2022000961;2018;1;5;5;2;8
2022000962;2020;2;11;10;3;27
2022000963;2020;2;12;10;2;18
2022000964;2020;3;8;5;1;4
2022000965;2019;1;12;10;4;36
2022000966;2020;4;7;5;5;20
2022000967;2019;2;5;5;1;4
2022000968;2018;2;6;5;3;12
2022000969;2019;1;9;5;1;4
2022000970;2019;2;9;5;2;8
2022000971;2018;3;28;10;1;9
2022000972;2020;2;7;5;3;12
2022000973;2020;1;14;10;3;27
2022000974;2018;3;30;10;5;45
2022000975;2020;1;9;5;4;16
2022000976;2020;2;21;10;4;36
2022000977;2018;2;5;5;3;12
2022000978;2018;3;5;5;1;4
2022000979;2020;2;4;5;4;16
2022000980;2019;1;10;5;1;4
2022000981;2020;1;16;10;5;45
2022000982;2018;3;7;5;2;8
2022000983;2018;2;8;5;1;4
2022000984;2018;2;16;10;1;9
2022000985;2019;2;22;10;5;45
2022000986;2020;2;4;5;3;12
2022000987;2019;2;7;5;4;16
2022000988;2019;2;10;5;5;20
2022000989;2018;3;18;10;2;18
2022000990;2020;2;7;5;2;8
2022000991;2018;3;15;10;5;45
2022000992;2018;2;9;5;1;4
2022000993;2019;2;7;5;1;4
2022000994;2018;1;9;5;5;20
2022000995;2020;2;5;5;5;20
2022000996;2020;2;13;10;5;45
2022000997;2019;2;12;10;2;18
2022000998;2018;2;5;5;1;4
2022000999;2019;3;5;5;2;8
2022001000;2020;2;11;10;4;36
2022001001;2019;2;5;5;4;16
2022001002;2020;2;13;10;4;36
2022001003;2019;1;10;5;1;4
2022001004;2019;3;14;10;3;27
2022001005;2020;1;9;5;1;4
2022001006;2018;2;8;5;1;4
2022001007;2020;1;6;5;5;20
2022001008;2018;2;15;10;3;27
2022001009;2019;1;6;5;2;8
2022001010;2019;4;5;5;1;4
2022001011;2019;2;17;10;1;9
2022001012;2020;2;7;5;3;12
2022001013;2018;2;5;5;4;16
2022001014;2020;3;7;5;3;12
2022001015;2018;2;6;5;3;12
2022001016;2019;2;6;5;5;20
2022001017;2018;1;10;5;3;12
2022001018;2018;1;11;10;2;18
2022001019;2018;2;4;5;4;16
2022001020;2019;1;5;5;5;20
2022001021;2020;1;9;5;5;20
2022001022;2020;2;4;5;2;8
2022001023;2018;1;6;5;1;4
2022001024;2018;2;44;10;5;45
2022001025;2020;2;46;10;3;27
2022001026;2020;3;22;10;1;9
2022001027;2020;3;30;10;2;18
2022001028;2020;4;8;5;2;8
2022001029;2019;1;5;5;1;4
2022001030;2018;1;7;5;4;16
2022001031;2018;3;26;10;2;18
2022001032;2020;2;31;10;3;27
2022001033;2020;1;6;5;2;8
2022001034;2020;2;50;10;5;45
2022001035;2018;2;64;15;2;28
2022001036;2018;1;5;5;3;12
2022001037;2018;2;61;15;2;28
2022001038;2020;2;21;10;2;18
2022001039;2018;2;53;15;2;28
2022001040;2018;2;34;10;3;27
2022001041;2020;1;8;5;3;12
2022001042;2018;1;36;10;4;36
2022001043;2019;1;13;10;4;36
2022001044;2019;1;3;5;2;8
2022001045;2020;1;27;10;3;27
2022001046;2020;2;32;10;1;9
2022001047;2019;1;6;5;2;8
2022001048;2019;1;8;5;4;16
2022001049;2020;1;8;5;4;16
2022001050;2019;1;8;5;5;20
2022001051;2018;3;28;10;5;45
2022001052;2018;1;15;10;2;18
2022001053;2020;1;15;10;4;36
2022001054;2018;1;15;10;4;36
2022001055;2018;2;15;10;1;9
2022001056;2019;1;11;10;5;45
2022001057;2019;1;12;10;2;18
2022001058;2020;2;38;10;5;45
2022001059;2020;4;18;10;3;27
2022001060;2019;3;18;10;4;36
2022001061;2020;4;33;10;2;18
2022001062;2020;2;85;15;3;42
2022001063;2019;4;26;10;4;36
2022001064;2019;3;40;10;5;45
2022001065;2020;3;20;10;4;36
2022001066;2018;3;12;10;2;18
2022001067;2018;2;63;15;5;70
2022001068;2019;3;80;15;3;42
2022001069;2018;2;61;15;3;42
2022001070;2019;4;69;15;2;28
2022001071;2020;2;89;15;5;70
2022001072;2020;2;50;10;4;36
2022001073;2020;2;30;10;5;45
2022001074;2018;3;47;10;5;45
2022001075;2020;4;63;15;5;70
2022001076;2020;3;79;15;2;28
2022001077;2020;4;70;15;1;14
2022001078;2019;3;11;10;1;9
2022001079;2019;3;13;10;3;27
2022001080;2019;4;71;15;1;14
2022001081;2018;3;42;10;4;36
2022001082;2020;3;32;10;5;45
2022001083;2018;4;44;10;3;27
2022001084;2020;2;55;15;3;42
2022001085;2019;3;75;15;2;28
2022001086;2019;3;54;15;5;70
2022001087;2019;3;51;15;2;28
2022001088;2020;3;33;10;4;36
2022001089;2019;3;43;10;2;18
2022001090;2019;3;19;10;2;18
2022001091;2018;3;68;15;4;56
2022001092;2018;3;40;10;5;45
2022001093;2020;4;31;10;4;36
2022001094;2020;3;65;15;3;42
2022001095;2018;4;24;10;2;18
2022001096;2018;1;11;10;1;9
2022001097;2019;4;11;10;4;36
2022001098;2019;4;57;15;1;14
2022001099;2019;1;48;10;4;36
2022001100;2019;3;80;15;2;28
2022001101;2020;3;17;10;3;27
2022001102;2018;1;39;10;2;18
2022001103;2018;3;34;10;3;27
2022001104;2019;3;9;5;4;16
2022001105;2018;3;74;15;1;14
2022001106;2018;3;91;15;5;70
2022001107;2019;4;36;10;4;36
2022001108;2018;4;55;15;5;70
2022001109;2020;3;68;15;1;14
2022001110;2018;1;81;15;3;42
2022001111;2018;3;32;10;5;45
2022001112;2018;3;50;10;1;9
2022001113;2020;2;54;15;3;42
