PROCURADOR;PROCESSO;COMPLEXIDADE;PAGINA;PRAZO;REVISOES;ENTREGA;VALOR(milR$)
Procurador1;2022000205;2;37;10;2;18;79
Procurador2;2022000229;2;2;5;4;16;56
Procurador3;2022000243;4;82;15;2;28;81
Procurador4;2022000305;2;17;10;4;36;64
Procurador5;2022000413;3;11;10;1;9;23
Procurador6;2022000448;2;48;10;5;45;84
Procurador7;2022000480;1;18;10;3;27;30
Procurador8;2022000487;1;3;5;1;4;93
Procurador9;2022000622;2;4;5;2;8;61
Procurador10;2022000631;1;7;5;5;20;4
Procurador11;2022000751;2;27;10;5;45;53
Procurador12;2022000776;2;48;10;3;27;31
Procurador13;2022000843;3;89;15;1;14;46
Procurador14;2022001097;4;11;10;4;36;97
Procurador15;2022000192;1;6;5;5;20;68
Procurador16;2022000274;3;64;15;1;14;32
Procurador17;2022000387;3;18;10;2;18;59
Procurador18;2022000388;3;5;5;1;4;29
Procurador19;2022000572;4;73;15;5;70;20
Procurador20;2022000747;2;7;5;4;16;75
Procurador21;2022000895;2;49;10;1;9;89
Procurador22;2022001081;3;42;10;4;36;64
Procurador23;2022000151;3;66;15;2;28;82
Procurador24;2022000184;2;74;15;2;28;22
Procurador25;2022000396;1;49;10;3;27;89
Procurador26;2022000479;1;21;10;4;36;93
Procurador27;2022000617;2;7;5;5;20;96
Procurador28;2022000664;1;6;5;4;16;97
Procurador29;2022000800;3;62;15;3;42;34
Procurador30;2022000834;4;45;10;4;36;2
Procurador31;2022000990;2;7;5;2;8;11
Procurador32;2022001031;3;26;10;2;18;39
Procurador33;2022001085;3;75;15;2;28;24
Procurador34;2022000193;3;7;5;5;20;97
Procurador35;2022000269;3;86;15;4;56;3
Procurador36;2022000309;2;10;5;3;12;68
Procurador37;2022000358;3;58;15;4;56;5
Procurador38;2022000359;3;79;15;4;56;37
Procurador39;2022000461;2;9;5;4;16;51
Procurador40;2022000605;2;12;10;5;45;35
Procurador41;2022000611;2;15;10;2;18;75
Procurador42;2022000705;3;13;10;2;18;52
Procurador43;2022000709;1;17;10;3;27;28
Procurador44;2022000791;2;44;10;3;27;26
Procurador45;2022000809;2;9;5;2;8;69
Procurador46;2022000813;3;62;15;1;14;28
Procurador47;2022000867;1;11;10;3;27;24
Procurador48;2022000873;1;12;10;5;45;81
Procurador49;2022000912;2;10;5;1;4;61
Procurador50;2022000929;3;5;5;1;4;14
Procurador51;2022000931;3;5;5;2;8;27
Procurador52;2022001002;2;13;10;4;36;61
Procurador53;2022000609;2;21;10;3;27;69
Procurador54;2022000630;1;7;5;5;20;51
Procurador55;2022000975;1;9;5;4;16;33
Procurador56;2022001000;2;11;10;4;36;40
Procurador57;2022000162;3;8;5;1;4;15
Procurador58;2022000180;3;58;15;2;28;36
Procurador59;2022000218;1;19;10;3;27;99
Procurador60;2022000225;1;7;5;2;8;45
Procurador61;2022000226;1;15;10;3;27;35
Procurador62;2022000232;2;4;5;3;12;38
Procurador63;2022000248;1;14;10;2;18;8
Procurador64;2022000525;4;65;15;2;28;19
Procurador65;2022000634;1;23;10;3;27;11
Procurador66;2022000681;3;75;15;1;14;5
Procurador67;2022000696;3;43;10;2;18;69
Procurador68;2022000835;1;68;15;3;42;23
Procurador69;2022000968;2;6;5;3;12;99
Procurador70;2022001004;3;14;10;3;27;17
Procurador71;2022001023;1;6;5;1;4;38
Procurador72;2022001035;2;64;15;2;28;42
Procurador73;2022001056;1;11;10;5;45;59
Procurador74;2022001104;3;9;5;4;16;34
Procurador75;2022000160;3;63;15;2;28;77
Procurador76;2022000202;3;29;10;5;45;57
Procurador77;2022000392;1;17;10;4;36;36
Procurador78;2022000395;3;6;5;5;20;68
Procurador79;2022000475;2;4;5;4;16;18
Procurador80;2022000663;1;5;5;3;12;59
Procurador81;2022000708;3;6;5;3;12;38
Procurador82;2022000730;1;4;5;2;8;50
Procurador83;2022000754;2;10;5;3;12;14
Procurador84;2022000770;1;5;5;2;8;40
Procurador85;2022000909;1;7;5;5;20;73
Procurador86;2022001046;2;32;10;1;9;39
Procurador87;2022000138;1;8;5;3;12;99
Procurador88;2022000230;2;19;10;5;45;8
Procurador89;2022000297;1;7;5;4;16;66
Procurador90;2022000382;2;10;5;5;20;25
Procurador1;2022000419;4;49;10;4;36;24
Procurador2;2022000426;3;87;15;4;56;67
Procurador3;2022000447;1;44;10;4;36;25
Procurador4;2022000488;2;58;15;5;70;38
Procurador5;2022000529;3;40;10;2;18;13
Procurador6;2022000646;1;20;10;3;27;74
Procurador7;2022000685;3;82;15;1;14;53
Procurador8;2022000736;2;6;5;3;12;3
Procurador9;2022000817;3;26;10;3;27;48
Procurador10;2022000848;1;21;10;1;9;11
Procurador11;2022001071;2;89;15;5;70;16
Procurador12;2022001075;4;63;15;5;70;47
Procurador13;2022001079;3;13;10;3;27;4
Procurador14;2022000174;1;5;5;3;12;39
Procurador15;2022000262;3;55;15;3;42;82
Procurador16;2022000270;3;84;15;5;70;44
Procurador17;2022000307;2;13;10;3;27;81
Procurador18;2022000360;2;49;10;4;36;32
Procurador19;2022000430;3;29;10;1;9;75
Procurador20;2022000438;2;67;15;4;56;23
Procurador21;2022000451;1;10;5;2;8;12
Procurador22;2022000660;2;52;15;1;14;28
Procurador23;2022000787;2;81;15;4;56;50
Procurador24;2022000864;3;7;5;5;20;34
Procurador25;2022000889;4;22;10;4;36;97
Procurador26;2022000910;2;11;10;3;27;98
Procurador27;2022001027;3;30;10;2;18;53
Procurador28;2022000125;2;13;10;2;18;91
Procurador29;2022000159;1;8;5;2;8;95
Procurador30;2022000212;2;99;15;2;28;74
Procurador31;2022000264;2;47;10;4;36;78
Procurador32;2022000301;1;15;10;3;27;70
Procurador33;2022000386;3;9;5;4;16;73
Procurador34;2022000418;2;34;10;1;9;41
Procurador35;2022000434;4;88;15;2;28;47
Procurador36;2022000673;4;20;10;2;18;9
Procurador37;2022000689;4;83;15;5;70;53
Procurador38;2022000911;4;22;10;5;45;91
Procurador39;2022000135;2;14;10;1;9;34
Procurador40;2022000147;1;10;5;4;16;32
Procurador41;2022000209;3;8;5;3;12;83
Procurador42;2022000240;3;84;15;3;42;48
Procurador43;2022000256;1;63;15;4;56;76
Procurador44;2022000279;2;59;15;5;70;64
Procurador45;2022000490;1;78;15;5;70;35
Procurador46;2022000499;1;13;10;2;18;84
Procurador47;2022000758;2;5;5;5;20;13
Procurador48;2022000771;1;3;5;5;20;81
Procurador49;2022000772;1;13;10;1;9;40
Procurador50;2022000900;1;8;5;3;12;73
Procurador51;2022001051;3;28;10;5;45;38
Procurador52;2022001106;3;91;15;5;70;59
Procurador53;2022000127;4;17;10;4;36;29
Procurador54;2022000164;1;52;15;2;28;34
Procurador55;2022000317;2;11;10;4;36;60
Procurador56;2022000429;3;73;15;2;28;14
Procurador57;2022000437;3;47;10;1;9;95
Procurador58;2022000647;1;13;10;1;9;31
Procurador59;2022000735;1;2;5;3;12;58
Procurador60;2022000810;3;89;15;5;70;24
Procurador61;2022000827;3;46;10;1;9;87
Procurador62;2022000959;2;16;10;1;9;28
Procurador63;2022001036;1;5;5;3;12;49
Procurador64;2022001072;2;50;10;4;36;65
Procurador65;2022000137;1;6;5;3;12;69
Procurador66;2022000154;1;22;10;3;27;81
Procurador67;2022000459;1;8;5;4;16;53
Procurador68;2022000545;3;98;15;5;70;80
Procurador69;2022000610;2;8;5;3;12;10
Procurador70;2022000731;1;60;15;1;14;12
Procurador71;2022000739;2;5;5;5;20;17
Procurador72;2022000803;3;46;10;2;18;84
Procurador73;2022000851;2;19;10;5;45;70
Procurador74;2022000880;1;10;5;1;4;24
Procurador75;2022001067;2;63;15;5;70;88
Procurador76;2022000376;3;6;5;2;8;40
Procurador77;2022000524;3;8;5;3;12;81
Procurador78;2022000569;3;67;15;1;14;35
Procurador79;2022000693;2;85;15;5;70;78
Procurador80;2022000829;1;33;10;5;45;75
Procurador81;2022001032;2;31;10;3;27;43
Procurador82;2022001059;4;18;10;3;27;2
Procurador83;2022000182;4;70;15;1;14;21
Procurador84;2022000280;3;23;10;2;18;6
Procurador85;2022000368;1;7;5;5;20;70
Procurador86;2022000408;1;3;5;5;20;30
Procurador87;2022000465;4;8;5;5;20;5
Procurador88;2022000470;3;19;10;2;18;5
Procurador89;2022000553;2;5;5;3;12;58
Procurador90;2022000737;2;12;10;3;27;26
Procurador1;2022001100;3;80;15;2;28;81
Procurador2;2022001103;3;34;10;3;27;76
Procurador3;2022000316;1;58;15;1;14;41
Procurador4;2022000344;1;34;10;2;18;78
Procurador5;2022000507;2;32;10;5;45;36
Procurador6;2022000594;2;59;15;3;42;7
Procurador7;2022000659;1;3;5;5;20;49
Procurador8;2022000674;4;32;10;4;36;70
Procurador9;2022000760;4;6;5;5;20;8
Procurador10;2022000769;1;5;5;5;20;20
Procurador11;2022000868;1;6;5;4;16;94
Procurador12;2022000933;2;18;10;1;9;96
Procurador13;2022001040;2;34;10;3;27;29
Procurador14;2022001066;3;12;10;2;18;61
Procurador15;2022000208;1;10;5;5;20;27
Procurador16;2022000278;2;36;10;2;18;74
Procurador17;2022000327;1;4;5;2;8;99
Procurador18;2022000330;1;9;5;1;4;42
Procurador19;2022000352;3;62;15;5;70;95
Procurador20;2022000377;2;2;5;2;8;86
Procurador21;2022000602;2;4;5;3;12;98
Procurador22;2022000658;1;5;5;3;12;20
Procurador23;2022000703;3;37;10;4;36;33
Procurador24;2022000775;2;30;10;2;18;58
Procurador25;2022000784;2;8;5;5;20;23
Procurador26;2022000820;1;72;15;5;70;2
Procurador27;2022000845;1;57;15;5;70;55
Procurador28;2022000888;1;9;5;3;12;88
Procurador29;2022000969;1;9;5;1;4;97
Procurador30;2022000993;2;7;5;1;4;85
Procurador31;2022001017;1;10;5;3;12;41
Procurador32;2022000136;1;6;5;1;4;12
Procurador33;2022000142;1;13;10;5;45;53
Procurador34;2022000185;3;49;10;2;18;66
Procurador35;2022000254;3;39;10;4;36;21
Procurador36;2022000324;1;20;10;5;45;45
Procurador37;2022000702;2;88;15;1;14;64
Procurador38;2022000722;1;6;5;1;4;31
Procurador39;2022000978;3;5;5;1;4;28
Procurador40;2022000989;3;18;10;2;18;22
Procurador41;2022001042;1;36;10;4;36;48
Procurador42;2022001058;2;38;10;5;45;18
Procurador43;2022001084;2;55;15;3;42;32
Procurador44;2022001089;3;43;10;2;18;28
Procurador45;2022000158;3;43;10;2;18;97
Procurador46;2022000283;3;51;15;1;14;24
Procurador47;2022000285;2;53;15;3;42;70
Procurador48;2022000337;1;27;10;1;9;17
Procurador49;2022000356;4;72;15;4;56;30
Procurador50;2022000514;4;35;10;5;45;12
Procurador51;2022000538;2;54;15;2;28;96
Procurador52;2022000577;1;4;5;5;20;27
Procurador53;2022000581;1;4;5;3;12;5
Procurador54;2022000727;1;6;5;4;16;33
Procurador55;2022000859;1;4;5;1;4;73
Procurador56;2022000885;3;21;10;2;18;90
Procurador57;2022000942;1;7;5;3;12;65
Procurador58;2022001037;2;61;15;2;28;70
Procurador59;2022001039;2;53;15;2;28;81
Procurador60;2022001041;1;8;5;3;12;31
Procurador61;2022000200;2;9;5;2;8;55
Procurador62;2022000275;1;16;10;2;18;18
Procurador63;2022000428;3;65;15;4;56;13
Procurador64;2022000449;1;51;15;2;28;98
Procurador65;2022000766;1;13;10;3;27;37
Procurador66;2022000935;3;16;10;2;18;32
Procurador67;2022001038;2;21;10;2;18;7
Procurador68;2022000357;3;54;15;4;56;67
Procurador69;2022000361;2;71;15;5;70;95
Procurador70;2022000372;1;9;5;2;8;69
Procurador71;2022000391;1;25;10;3;27;45
Procurador72;2022000510;2;6;5;3;12;82
Procurador73;2022000557;3;50;10;2;18;11
Procurador74;2022000627;2;21;10;3;27;26
Procurador75;2022000650;2;13;10;4;36;91
Procurador76;2022000665;2;80;15;3;42;30
Procurador77;2022000781;2;76;15;5;70;73
Procurador78;2022000983;2;8;5;1;4;35
Procurador79;2022000988;2;10;5;5;20;16
Procurador80;2022000997;2;12;10;2;18;42
Procurador81;2022001024;2;44;10;5;45;89
Procurador82;2022000105;2;24;10;4;36;62
Procurador83;2022000122;1;30;10;5;45;84
Procurador84;2022000290;2;49;10;5;45;99
Procurador85;2022000322;1;16;10;4;36;50
Procurador86;2022000513;2;42;10;1;9;80
Procurador87;2022000615;2;71;15;3;42;54
Procurador88;2022000638;1;6;5;4;16;71
Procurador89;2022000862;1;14;10;1;9;42
Procurador90;2022000876;2;10;5;5;20;60
Procurador1;2022000894;2;43;10;4;36;52
Procurador2;2022001025;2;46;10;3;27;5
Procurador3;2022000146;1;11;10;2;18;36
Procurador4;2022000281;1;16;10;4;36;29
Procurador5;2022000481;1;4;5;4;16;78
Procurador6;2022000590;4;81;15;4;56;27
Procurador7;2022000818;2;6;5;3;12;68
Procurador8;2022000844;3;18;10;1;9;54
Procurador9;2022000951;2;21;10;5;45;39
Procurador10;2022001020;1;5;5;5;20;47
Procurador11;2022001107;4;36;10;4;36;91
Procurador12;2022000113;1;14;10;2;18;5
Procurador13;2022000204;3;22;10;4;36;61
Procurador14;2022000292;3;88;15;2;28;40
Procurador15;2022000320;3;9;5;4;16;55
Procurador16;2022000668;3;22;10;3;27;95
Procurador17;2022000839;2;56;15;4;56;15
Procurador18;2022000881;1;4;5;1;4;61
Procurador19;2022000896;3;23;10;5;45;30
Procurador20;2022000927;4;5;5;2;8;29
Procurador21;2022000966;4;7;5;5;20;76
Procurador22;2022001109;3;68;15;1;14;64
Procurador23;2022000161;3;58;15;1;14;10
Procurador24;2022000245;4;19;10;4;36;31
Procurador25;2022000260;2;74;15;1;14;55
Procurador26;2022000303;1;15;10;2;18;60
Procurador27;2022000436;3;12;10;2;18;14
Procurador28;2022000458;2;10;5;2;8;63
Procurador29;2022000471;1;4;5;4;16;80
Procurador30;2022000644;1;30;10;1;9;75
Procurador31;2022000688;3;40;10;4;36;6
Procurador32;2022000699;3;66;15;3;42;55
Procurador33;2022000748;2;4;5;2;8;49
Procurador34;2022000872;1;13;10;2;18;60
Procurador35;2022000954;2;44;10;1;9;87
Procurador36;2022000223;2;14;10;2;18;84
Procurador37;2022000335;1;67;15;1;14;5
Procurador38;2022000474;3;7;5;1;4;99
Procurador39;2022000483;1;2;5;5;20;2
Procurador40;2022000501;1;3;5;1;4;12
Procurador41;2022000528;3;14;10;3;27;64
Procurador42;2022000567;1;9;5;2;8;88
Procurador43;2022000568;1;7;5;1;4;73
Procurador44;2022000582;1;4;5;3;12;82
Procurador45;2022000619;2;8;5;1;4;10
Procurador46;2022000626;2;4;5;1;4;81
Procurador47;2022000700;3;13;10;5;45;62
Procurador48;2022000720;1;9;5;3;12;25
Procurador49;2022000724;2;8;5;1;4;34
Procurador50;2022000884;1;4;5;2;8;59
Procurador51;2022000907;1;9;5;1;4;64
Procurador52;2022000986;2;4;5;3;12;22
Procurador53;2022000995;2;5;5;5;20;2
Procurador54;2022001008;2;15;10;3;27;43
Procurador55;2022001043;1;13;10;4;36;32
Procurador56;2022001077;4;70;15;1;14;35
Procurador57;2022000170;1;2;5;1;4;51
Procurador58;2022000620;2;5;5;2;8;49
Procurador59;2022000676;3;31;10;2;18;32
Procurador60;2022000725;2;11;10;1;9;11
Procurador61;2022000777;2;66;15;4;56;38
Procurador62;2022000824;4;55;15;1;14;69
Procurador63;2022000961;1;5;5;2;8;27
Procurador64;2022001005;1;9;5;1;4;21
Procurador65;2022001014;3;7;5;3;12;26
Procurador66;2022000242;1;16;10;3;27;95
Procurador67;2022000339;1;78;15;5;70;84
Procurador68;2022000380;3;4;5;3;12;30
Procurador69;2022000412;3;11;10;1;9;57
Procurador70;2022000453;2;10;5;5;20;14
Procurador71;2022000468;1;6;5;4;16;23
Procurador72;2022000511;2;90;15;4;56;9
Procurador73;2022000527;3;25;10;1;9;10
Procurador74;2022000559;1;11;10;4;36;17
Procurador75;2022000657;1;11;10;3;27;39
Procurador76;2022000742;2;18;10;2;18;76
Procurador77;2022000783;4;90;15;1;14;67
Procurador78;2022000826;4;60;15;1;14;9
Procurador79;2022001063;4;26;10;4;36;39
Procurador80;2022001098;4;57;15;1;14;51
Procurador81;2022000103;3;55;15;5;70;28
Procurador82;2022000295;2;22;10;2;18;79
Procurador83;2022000315;2;16;10;5;45;55
Procurador84;2022000405;3;5;5;5;20;61
Procurador85;2022000443;1;86;15;5;70;46
Procurador86;2022000477;2;5;5;3;12;39
Procurador87;2022000643;1;9;5;1;4;81
Procurador88;2022000782;4;62;15;5;70;75
Procurador89;2022000805;3;67;15;3;42;83
Procurador90;2022000962;2;11;10;3;27;46
Procurador1;2022001006;2;8;5;1;4;80
Procurador2;2022001053;1;15;10;4;36;9
Procurador3;2022001061;4;33;10;2;18;45
Procurador4;2022000116;3;82;15;2;28;41
Procurador5;2022000168;3;22;10;2;18;94
Procurador6;2022000171;1;9;5;4;16;30
Procurador7;2022000201;1;22;10;5;45;10
Procurador8;2022000241;2;86;15;1;14;69
Procurador9;2022000282;3;10;5;2;8;34
Procurador10;2022000291;4;21;10;5;45;84
Procurador11;2022000323;1;10;5;1;4;58
Procurador12;2022000497;1;3;5;3;12;29
Procurador13;2022000595;2;15;10;2;18;26
Procurador14;2022000728;2;81;15;4;56;74
Procurador15;2022000740;2;5;5;3;12;30
Procurador16;2022000855;1;7;5;3;12;76
Procurador17;2022001078;3;11;10;1;9;52
Procurador18;2022001108;4;55;15;5;70;80
Procurador19;2022000108;2;37;10;5;45;8
Procurador20;2022000178;3;72;15;3;42;86
Procurador21;2022000268;3;85;15;2;28;46
Procurador22;2022000345;1;69;15;2;28;33
Procurador23;2022000518;1;33;10;4;36;11
Procurador24;2022000544;2;43;10;1;9;92
Procurador25;2022000546;1;59;15;2;28;32
Procurador26;2022000586;3;6;5;4;16;15
Procurador27;2022000632;1;10;5;2;8;15
Procurador28;2022000814;3;18;10;3;27;93
Procurador29;2022000117;2;12;10;3;27;56
Procurador30;2022000215;3;15;10;3;27;95
Procurador31;2022000253;2;70;15;3;42;71
Procurador32;2022000255;1;9;5;4;16;92
Procurador33;2022000298;3;10;5;3;12;65
Procurador34;2022000496;1;62;15;2;28;18
Procurador35;2022000812;4;68;15;5;70;43
Procurador36;2022000838;2;43;10;2;18;64
Procurador37;2022000932;3;5;5;3;12;59
Procurador38;2022000960;1;11;10;4;36;92
Procurador39;2022000982;3;7;5;2;8;74
Procurador40;2022000126;1;32;10;1;9;30
Procurador41;2022000207;2;14;10;2;18;11
Procurador42;2022000228;1;9;5;5;20;58
Procurador43;2022000640;2;15;10;4;36;68
Procurador44;2022000672;2;43;10;5;45;4
Procurador45;2022000741;2;16;10;1;9;98
Procurador46;2022000750;2;10;5;4;16;76
Procurador47;2022000808;1;17;10;3;27;51
Procurador48;2022000821;3;10;5;1;4;97
Procurador49;2022000860;1;16;10;1;9;14
Procurador50;2022000906;1;8;5;4;16;68
Procurador51;2022000936;1;7;5;2;8;2
Procurador52;2022000946;2;3;5;3;12;23
Procurador53;2022001026;3;22;10;1;9;60
Procurador54;2022001028;4;8;5;2;8;64
Procurador55;2022000252;2;87;15;5;70;82
Procurador56;2022000318;2;68;15;1;14;24
Procurador57;2022000566;2;8;5;1;4;24
Procurador58;2022000684;3;48;10;4;36;54
Procurador59;2022000796;4;48;10;1;9;79
Procurador60;2022000828;3;27;10;1;9;50
Procurador61;2022000141;1;8;5;4;16;17
Procurador62;2022000400;1;4;5;4;16;44
Procurador63;2022000547;3;51;15;3;42;29
Procurador64;2022000560;1;75;15;3;42;8
Procurador65;2022000573;3;65;15;4;56;96
Procurador66;2022000695;2;68;15;3;42;59
Procurador67;2022000840;3;98;15;2;28;41
Procurador68;2022001015;2;6;5;3;12;57
Procurador69;2022000306;2;12;10;3;27;9
Procurador70;2022000404;3;25;10;3;27;49
Procurador71;2022000612;2;91;15;1;14;35
Procurador72;2022000623;2;39;10;5;45;94
Procurador73;2022000679;3;11;10;1;9;73
Procurador74;2022000752;3;8;5;4;16;97
Procurador75;2022000790;3;26;10;4;36;31
Procurador76;2022000857;2;6;5;5;20;58
Procurador77;2022000231;1;13;10;4;36;72
Procurador78;2022000502;1;24;10;1;9;19
Procurador79;2022000503;4;37;10;2;18;26
Procurador80;2022000532;3;23;10;3;27;74
Procurador81;2022000561;1;87;15;4;56;59
Procurador82;2022000625;2;12;10;5;45;11
Procurador83;2022000686;3;18;10;1;9;50
Procurador84;2022000874;1;9;5;3;12;42
Procurador85;2022001021;1;9;5;5;20;55
Procurador86;2022000263;3;51;15;1;14;58
Procurador87;2022000266;4;69;15;4;56;9
Procurador88;2022000375;3;4;5;3;12;55
Procurador89;2022000441;2;72;15;1;14;13
Procurador90;2022000444;3;67;15;2;28;57
Procurador1;2022000519;4;86;15;4;56;31
Procurador2;2022000575;1;4;5;3;12;14
Procurador3;2022000785;3;32;10;4;36;35
Procurador4;2022000823;4;57;15;5;70;51
Procurador5;2022000952;1;2;5;4;16;59
Procurador6;2022000974;3;30;10;5;45;25
Procurador7;2022000998;2;5;5;1;4;91
Procurador8;2022001065;3;20;10;4;36;57
Procurador9;2022001069;2;61;15;3;42;58
Procurador10;2022000107;3;44;10;5;45;87
Procurador11;2022000300;1;13;10;1;9;37
Procurador12;2022000432;3;26;10;3;27;79
Procurador13;2022000542;3;32;10;1;9;79
Procurador14;2022000869;1;7;5;3;12;16
Procurador15;2022000890;2;21;10;2;18;44
Procurador16;2022000892;1;17;10;4;36;44
Procurador17;2022000958;1;11;10;2;18;43
Procurador18;2022000149;1;51;15;2;28;50
Procurador19;2022000189;1;69;15;2;28;71
Procurador20;2022000789;3;11;10;1;9;28
Procurador21;2022000940;2;6;5;1;4;3
Procurador22;2022000945;1;11;10;2;18;44
Procurador23;2022000953;1;2;5;5;20;82
Procurador24;2022000994;1;9;5;5;20;82
Procurador25;2022001083;4;44;10;3;27;84
Procurador26;2022001096;1;11;10;1;9;15
Procurador27;2022000110;1;10;5;2;8;39
Procurador28;2022000163;4;20;10;4;36;51
Procurador29;2022000224;1;7;5;5;20;74
Procurador30;2022000247;1;76;15;4;56;80
Procurador31;2022000250;2;26;10;4;36;48
Procurador32;2022000338;1;87;15;5;70;85
Procurador33;2022000531;1;49;10;5;45;99
Procurador34;2022000786;3;27;10;3;27;61
Procurador35;2022001018;1;11;10;2;18;4
Procurador36;2022001060;3;18;10;4;36;54
Procurador37;2022000139;2;13;10;5;45;95
Procurador38;2022000145;1;21;10;1;9;62
Procurador39;2022000153;1;3;5;5;20;58
Procurador40;2022000169;1;6;5;4;16;84
Procurador41;2022000222;4;25;10;1;9;96
Procurador42;2022000326;2;68;15;3;42;42
Procurador43;2022000381;3;9;5;5;20;57
Procurador44;2022000431;3;55;15;1;14;69
Procurador45;2022000509;4;6;5;1;4;96
Procurador46;2022000515;3;91;15;2;28;82
Procurador47;2022000570;3;62;15;3;42;39
Procurador48;2022000603;1;5;5;3;12;12
Procurador49;2022000653;1;74;15;5;70;16
Procurador50;2022000850;1;11;10;1;9;78
Procurador51;2022000179;3;48;10;5;45;67
Procurador52;2022000199;3;75;15;5;70;45
Procurador53;2022000271;2;41;10;4;36;99
Procurador54;2022000287;1;14;10;3;27;19
Procurador55;2022000416;3;49;10;3;27;41
Procurador56;2022000551;2;80;15;3;42;98
Procurador57;2022000578;1;4;5;4;16;13
Procurador58;2022000596;1;15;10;5;45;43
Procurador59;2022000661;1;10;5;5;20;21
Procurador60;2022000795;4;61;15;1;14;64
Procurador61;2022000825;4;33;10;3;27;77
Procurador62;2022000866;1;9;5;2;8;23
Procurador63;2022000925;1;6;5;4;16;86
Procurador64;2022001070;4;69;15;2;28;58
Procurador65;2022000539;2;56;15;3;42;32
Procurador66;2022000592;1;2;5;3;12;57
Procurador67;2022000687;3;8;5;1;4;14
Procurador68;2022000690;2;29;10;4;36;25
Procurador69;2022000716;1;4;5;5;20;84
Procurador70;2022000721;1;24;10;5;45;76
Procurador71;2022000768;1;23;10;2;18;53
Procurador72;2022000833;3;12;10;2;18;74
Procurador73;2022000947;1;4;5;2;8;95
Procurador74;2022001074;3;47;10;5;45;16
Procurador75;2022000237;3;40;10;1;9;21
Procurador76;2022000353;3;72;15;5;70;28
Procurador77;2022000421;3;45;10;4;36;33
Procurador78;2022000522;2;67;15;1;14;17
Procurador79;2022000649;1;20;10;4;36;67
Procurador80;2022000667;1;18;10;5;45;9
Procurador81;2022000763;1;4;5;5;20;89
Procurador82;2022000794;3;82;15;3;42;5
Procurador83;2022001034;2;50;10;5;45;97
Procurador84;2022000148;1;46;10;4;36;39
Procurador85;2022000165;1;35;10;1;9;57
Procurador86;2022000457;1;49;10;4;36;35
Procurador87;2022000624;2;4;5;2;8;73
Procurador88;2022000788;4;57;15;2;28;82
Procurador89;2022000846;3;77;15;4;56;18
Procurador90;2022001009;1;6;5;2;8;84
Procurador1;2022000217;2;56;15;5;70;65
Procurador2;2022000234;1;5;5;1;4;3
Procurador3;2022000257;2;44;10;5;45;15
Procurador4;2022000259;1;24;10;3;27;43
Procurador5;2022000273;4;44;10;4;36;67
Procurador6;2022000793;3;23;10;3;27;9
Procurador7;2022001080;4;71;15;1;14;9
Procurador8;2022000251;1;90;15;4;56;20
Procurador9;2022000389;2;12;10;2;18;57
Procurador10;2022000530;3;73;15;5;70;64
Procurador11;2022000534;4;31;10;2;18;65
Procurador12;2022000563;1;67;15;4;56;39
Procurador13;2022000608;2;12;10;3;27;20
Procurador14;2022000682;3;88;15;1;14;53
Procurador15;2022000733;2;5;5;3;12;42
Procurador16;2022000914;2;25;10;1;9;48
Procurador17;2022000919;3;23;10;2;18;39
Procurador18;2022000235;1;6;5;5;20;8
Procurador19;2022000311;2;10;5;4;16;75
Procurador20;2022000425;1;23;10;2;18;48
Procurador21;2022000446;3;67;15;5;70;65
Procurador22;2022000478;3;5;5;2;8;40
Procurador23;2022000641;2;11;10;2;18;30
Procurador24;2022000652;1;71;15;5;70;34
Procurador25;2022000744;2;5;5;5;20;4
Procurador26;2022000811;3;53;15;5;70;44
Procurador27;2022001050;1;8;5;5;20;95
Procurador28;2022000132;3;93;15;1;14;59
Procurador29;2022000328;2;36;10;2;18;32
Procurador30;2022000407;1;3;5;2;8;52
Procurador31;2022000422;3;52;15;1;14;67
Procurador32;2022000520;4;25;10;4;36;23
Procurador33;2022000799;1;42;10;4;36;19
Procurador34;2022000822;2;43;10;3;27;91
Procurador35;2022000847;3;35;10;5;45;28
Procurador36;2022000923;3;11;10;5;45;43
Procurador37;2022000991;3;15;10;5;45;85
Procurador38;2022000366;1;66;15;3;42;56
Procurador39;2022000402;3;34;10;1;9;99
Procurador40;2022000517;3;68;15;1;14;36
Procurador41;2022000526;3;30;10;1;9;7
Procurador42;2022000749;2;8;5;1;4;42
Procurador43;2022000852;1;10;5;5;20;34
Procurador44;2022000948;2;15;10;2;18;80
Procurador45;2022000977;2;5;5;3;12;48
Procurador46;2022000220;2;58;15;4;56;71
Procurador47;2022000277;1;28;10;4;36;25
Procurador48;2022000516;3;26;10;4;36;3
Procurador49;2022000533;4;40;10;5;45;78
Procurador50;2022000552;1;98;15;4;56;68
Procurador51;2022000831;4;85;15;4;56;87
Procurador52;2022000836;3;65;15;1;14;27
Procurador53;2022001016;2;6;5;5;20;69
Procurador54;2022001057;1;12;10;2;18;92
Procurador55;2022001068;3;80;15;3;42;2
Procurador56;2022001092;3;40;10;5;45;91
Procurador57;2022000129;3;54;15;2;28;35
Procurador58;2022000187;3;29;10;2;18;97
Procurador59;2022000216;2;13;10;5;45;41
Procurador60;2022000258;2;33;10;1;9;15
Procurador61;2022000288;1;6;5;3;12;64
Procurador62;2022000401;2;26;10;3;27;85
Procurador63;2022000420;4;84;15;5;70;35
Procurador64;2022000472;2;6;5;1;4;46
Procurador65;2022000556;1;12;10;3;27;27
Procurador66;2022000579;2;27;10;4;36;15
Procurador67;2022000712;1;7;5;1;4;83
Procurador68;2022000856;3;19;10;2;18;92
Procurador69;2022000921;2;21;10;4;36;92
Procurador70;2022000928;1;8;5;2;8;48
Procurador71;2022001033;1;6;5;2;8;57
Procurador72;2022001076;3;79;15;2;28;60
Procurador73;2022000119;2;97;15;5;70;92
Procurador74;2022000265;4;62;15;2;28;21
Procurador75;2022000378;3;12;10;2;18;88
Procurador76;2022000495;3;57;15;5;70;36
Procurador77;2022000583;1;6;5;4;16;51
Procurador78;2022000656;1;87;15;1;14;39
Procurador79;2022000662;2;40;10;3;27;68
Procurador80;2022000743;2;7;5;3;12;99
Procurador81;2022000746;2;25;10;5;45;7
Procurador82;2022000756;1;5;5;1;4;74
Procurador83;2022000332;1;48;10;4;36;9
Procurador84;2022000774;1;3;5;3;12;56
Procurador85;2022000976;2;21;10;4;36;40
Procurador86;2022001019;2;4;5;4;16;21
Procurador87;2022001088;3;33;10;4;36;25
Procurador88;2022000115;4;8;5;1;4;18
Procurador89;2022000181;4;90;15;4;56;75
Procurador90;2022000321;1;7;5;2;8;88
Procurador1;2022000411;3;7;5;4;16;42
Procurador2;2022000442;3;50;10;3;27;33
Procurador3;2022000584;2;8;5;3;12;31
Procurador4;2022000635;1;40;10;3;27;2
Procurador5;2022000680;4;69;15;4;56;91
Procurador6;2022000801;3;5;5;4;16;84
Procurador7;2022000903;2;8;5;3;12;14
Procurador8;2022000938;2;5;5;1;4;98
Procurador9;2022001022;2;4;5;2;8;5
Procurador10;2022001030;1;7;5;4;16;10
Procurador11;2022000183;3;58;15;3;42;81
Procurador12;2022000342;1;4;5;5;20;72
Procurador13;2022000887;2;21;10;1;9;37
Procurador14;2022000950;1;7;5;5;20;69
Procurador15;2022000304;2;21;10;4;36;7
Procurador16;2022000455;1;7;5;1;4;4
Procurador17;2022000456;1;83;15;1;14;54
Procurador18;2022000506;3;42;10;2;18;92
Procurador19;2022000597;2;11;10;4;36;89
Procurador20;2022000666;1;3;5;3;12;26
Procurador21;2022000837;2;98;15;4;56;40
Procurador22;2022000920;2;8;5;4;16;15
Procurador23;2022001012;2;7;5;3;12;97
Procurador24;2022000121;1;36;10;4;36;14
Procurador25;2022000176;1;64;15;3;42;76
Procurador26;2022000435;3;77;15;5;70;10
Procurador27;2022000521;2;31;10;5;45;37
Procurador28;2022000854;2;8;5;3;12;4
Procurador29;2022000870;1;17;10;4;36;4
Procurador30;2022000871;1;9;5;1;4;38
Procurador31;2022000934;4;13;10;3;27;43
Procurador32;2022000949;1;12;10;4;36;34
Procurador33;2022000111;2;32;10;5;45;43
Procurador34;2022000302;1;19;10;2;18;68
Procurador35;2022000371;2;19;10;4;36;90
Procurador36;2022000540;3;30;10;3;27;8
Procurador37;2022000588;1;14;10;3;27;22
Procurador38;2022000882;2;22;10;3;27;10
Procurador39;2022001095;4;24;10;2;18;61
Procurador40;2022000120;4;87;15;5;70;60
Procurador41;2022000173;3;40;10;3;27;30
Procurador42;2022000284;2;68;15;2;28;8
Procurador43;2022000346;1;87;15;4;56;97
Procurador44;2022000415;2;61;15;1;14;76
Procurador45;2022000580;2;3;5;5;20;92
Procurador46;2022000642;1;9;5;4;16;27
Procurador47;2022000861;3;20;10;5;45;21
Procurador48;2022000109;1;11;10;2;18;22
Procurador49;2022000157;1;11;10;2;18;61
Procurador50;2022000195;1;8;5;1;4;24
Procurador51;2022000390;1;53;15;2;28;96
Procurador52;2022000433;3;36;10;3;27;51
Procurador53;2022000494;1;10;5;2;8;65
Procurador54;2022000535;1;7;5;4;16;83
Procurador55;2022000562;1;66;15;1;14;72
Procurador56;2022000698;4;85;15;4;56;5
Procurador57;2022000719;1;26;10;4;36;23
Procurador58;2022000964;3;8;5;1;4;73
Procurador59;2022001048;1;8;5;4;16;84
Procurador60;2022001093;4;31;10;4;36;47
Procurador61;2022001105;3;74;15;1;14;93
Procurador62;2022000112;2;13;10;3;27;13
Procurador63;2022000140;2;13;10;3;27;86
Procurador64;2022000188;3;31;10;2;18;21
Procurador65;2022000349;4;59;15;5;70;78
Procurador66;2022000370;4;12;10;3;27;42
Procurador67;2022000383;3;8;5;4;16;86
Procurador68;2022000410;2;48;10;3;27;82
Procurador69;2022000466;1;3;5;1;4;22
Procurador70;2022000571;3;67;15;4;56;83
Procurador71;2022000692;3;7;5;2;8;8
Procurador72;2022000714;4;15;10;5;45;86
Procurador73;2022000717;1;5;5;1;4;76
Procurador74;2022000723;1;5;5;2;8;75
Procurador75;2022000755;2;5;5;2;8;45
Procurador76;2022000757;2;12;10;2;18;36
Procurador77;2022000804;3;49;10;1;9;46
Procurador78;2022000879;1;9;5;1;4;27
Procurador79;2022000941;1;12;10;3;27;54
Procurador80;2022000957;3;6;5;2;8;38
Procurador81;2022000987;2;7;5;4;16;6
Procurador82;2022000203;4;22;10;2;18;94
Procurador83;2022000336;1;2;5;1;4;97
Procurador84;2022000462;2;20;10;2;18;88
Procurador85;2022000489;1;47;10;4;36;47
Procurador86;2022000491;3;7;5;1;4;45
Procurador87;2022000492;1;8;5;5;20;27
Procurador88;2022000505;1;4;5;2;8;46
Procurador89;2022000599;2;5;5;5;20;28
Procurador90;2022000607;2;9;5;1;4;29
Procurador1;2022000621;2;5;5;1;4;91
Procurador2;2022000963;2;12;10;2;18;76
Procurador3;2022000999;3;5;5;2;8;62
Procurador4;2022000293;1;7;5;1;4;54
Procurador5;2022000403;3;36;10;5;45;48
Procurador6;2022000512;4;65;15;1;14;12
Procurador7;2022000565;2;14;10;5;45;30
Procurador8;2022000675;2;36;10;2;18;46
Procurador9;2022000806;3;8;5;5;20;54
Procurador10;2022000830;4;10;5;2;8;28
Procurador11;2022000865;3;19;10;1;9;4
Procurador12;2022000973;1;14;10;3;27;13
Procurador13;2022000104;4;43;10;4;36;26
Procurador14;2022000333;2;58;15;2;28;39
Procurador15;2022000363;4;3;5;3;12;15
Procurador16;2022000385;1;8;5;5;20;24
Procurador17;2022000406;1;5;5;5;20;49
Procurador18;2022000423;3;83;15;1;14;53
Procurador19;2022000601;2;15;10;1;9;75
Procurador20;2022000628;2;15;10;2;18;25
Procurador21;2022000677;3;57;15;3;42;28
Procurador22;2022000701;1;89;15;5;70;68
Procurador23;2022000901;2;7;5;3;12;48
Procurador24;2022000915;2;23;10;2;18;30
Procurador25;2022000971;3;28;10;1;9;8
Procurador26;2022000312;3;21;10;3;27;43
Procurador27;2022000493;3;7;5;4;16;51
Procurador28;2022000587;2;20;10;3;27;38
Procurador29;2022000779;1;2;5;2;8;89
Procurador30;2022000815;2;48;10;4;36;24
Procurador31;2022001049;1;8;5;4;16;55
Procurador32;2022000131;1;7;5;5;20;2
Procurador33;2022000211;2;32;10;3;27;10
Procurador34;2022000214;3;32;10;3;27;11
Procurador35;2022000351;3;55;15;5;70;3
Procurador36;2022000427;3;44;10;4;36;28
Procurador37;2022000918;1;9;5;1;4;23
Procurador38;2022000972;2;7;5;3;12;39
Procurador39;2022001044;1;3;5;2;8;77
Procurador40;2022001111;3;32;10;5;45;53
Procurador41;2022000101;3;12;10;4;36;13
Procurador42;2022000191;2;22;10;1;9;64
Procurador43;2022000246;3;48;10;4;36;96
Procurador44;2022000310;2;13;10;4;36;73
Procurador45;2022000417;4;51;15;3;42;82
Procurador46;2022000550;2;25;10;1;9;40
Procurador47;2022000558;1;50;10;4;36;89
Procurador48;2022000576;1;4;5;5;20;56
Procurador49;2022000613;1;10;5;2;8;21
Procurador50;2022000616;2;4;5;5;20;52
Procurador51;2022000633;1;6;5;5;20;68
Procurador52;2022000802;3;64;15;5;70;97
Procurador53;2022000902;3;22;10;3;27;39
Procurador54;2022000908;1;3;5;4;16;24
Procurador55;2022001073;2;30;10;5;45;95
Procurador56;2022000206;3;36;10;4;36;46
Procurador57;2022000379;4;15;10;1;9;22
Procurador58;2022000469;1;10;5;5;20;36
Procurador59;2022000593;2;10;5;4;16;88
Procurador60;2022000670;4;51;15;4;56;25
Procurador61;2022000745;3;7;5;5;20;60
Procurador62;2022000753;2;19;10;1;9;66
Procurador63;2022000798;3;6;5;2;8;41
Procurador64;2022000858;2;30;10;3;27;97
Procurador65;2022000156;1;10;5;3;12;51
Procurador66;2022000177;2;95;15;1;14;80
Procurador67;2022000244;2;19;10;5;45;66
Procurador68;2022000267;3;60;15;4;56;80
Procurador69;2022000276;2;45;10;1;9;30
Procurador70;2022000367;1;6;5;3;12;27
Procurador71;2022000585;2;59;15;5;70;9
Procurador72;2022000614;2;9;5;2;8;84
Procurador73;2022000637;2;28;10;5;45;11
Procurador74;2022000655;1;16;10;5;45;81
Procurador75;2022000683;3;63;15;2;28;8
Procurador76;2022000707;1;70;15;3;42;24
Procurador77;2022000773;1;1;5;1;4;95
Procurador78;2022000816;1;70;15;5;70;62
Procurador79;2022000849;1;12;10;1;9;53
Procurador80;2022000956;1;13;10;3;27;54
Procurador81;2022000992;2;9;5;1;4;46
Procurador82;2022000362;3;37;10;4;36;60
Procurador83;2022000485;4;9;5;5;20;19
Procurador84;2022000606;2;7;5;2;8;42
Procurador85;2022000715;3;3;5;2;8;77
Procurador86;2022000150;3;79;15;4;56;42
Procurador87;2022000186;3;33;10;5;45;38
Procurador88;2022000261;4;43;10;5;45;23
Procurador89;2022000319;2;8;5;5;20;34
Procurador90;2022000486;1;4;5;5;20;23
Procurador1;2022000548;3;59;15;2;28;49
Procurador2;2022000669;3;14;10;5;45;95
Procurador3;2022000711;1;33;10;2;18;22
Procurador4;2022000841;3;79;15;2;28;63
Procurador5;2022000916;1;9;5;4;16;91
Procurador6;2022000926;1;7;5;4;16;59
Procurador7;2022001094;3;65;15;3;42;51
Procurador8;2022000463;1;7;5;2;8;51
Procurador9;2022000899;1;9;5;2;8;21
Procurador10;2022000979;2;4;5;4;16;8
Procurador11;2022001102;1;39;10;2;18;18
Procurador12;2022000134;1;8;5;2;8;84
Procurador13;2022000172;2;10;5;3;12;78
Procurador14;2022000190;4;38;10;4;36;21
Procurador15;2022000289;2;6;5;5;20;9
Procurador16;2022000334;3;18;10;1;9;59
Procurador17;2022000354;3;29;10;1;9;80
Procurador18;2022000574;1;3;5;5;20;99
Procurador19;2022000604;3;32;10;5;45;89
Procurador20;2022000618;1;32;10;1;9;6
Procurador21;2022000678;3;54;15;2;28;61
Procurador22;2022000691;3;84;15;2;28;96
Procurador23;2022000853;1;8;5;4;16;11
Procurador24;2022000917;1;19;10;5;45;92
Procurador25;2022001062;2;85;15;3;42;16
Procurador26;2022001091;3;68;15;4;56;50
Procurador27;2022000233;2;17;10;1;9;23
Procurador28;2022000308;2;11;10;2;18;29
Procurador29;2022000365;3;89;15;2;28;29
Procurador30;2022000409;1;17;10;3;27;55
Procurador31;2022000498;3;36;10;4;36;50
Procurador32;2022000536;3;13;10;3;27;2
Procurador33;2022000555;2;41;10;5;45;87
Procurador34;2022000648;1;6;5;5;20;66
Procurador35;2022000729;3;16;10;4;36;41
Procurador36;2022000792;2;14;10;3;27;91
Procurador37;2022000965;1;12;10;4;36;31
Procurador38;2022000985;2;22;10;5;45;31
Procurador39;2022001101;3;17;10;3;27;42
Procurador40;2022000102;3;20;10;4;36;17
Procurador41;2022000213;3;12;10;1;9;43
Procurador42;2022000294;1;6;5;2;8;40
Procurador43;2022000325;2;2;5;5;20;9
Procurador44;2022000369;3;7;5;4;16;12
Procurador45;2022000397;2;55;15;4;56;24
Procurador46;2022000450;1;21;10;5;45;62
Procurador47;2022000473;3;5;5;4;16;87
Procurador48;2022000549;2;34;10;2;18;52
Procurador49;2022000726;1;6;5;3;12;73
Procurador50;2022000765;1;4;5;4;16;49
Procurador51;2022000891;1;9;5;2;8;79
Procurador52;2022000905;1;8;5;5;20;89
Procurador53;2022001003;1;10;5;1;4;28
Procurador54;2022001045;1;27;10;3;27;24
Procurador55;2022001082;3;32;10;5;45;63
Procurador56;2022001099;1;48;10;4;36;66
Procurador57;2022001113;2;54;15;3;42;59
Procurador58;2022000331;1;9;5;5;20;14
Procurador59;2022000394;1;7;5;3;12;22
Procurador60;2022000424;3;33;10;2;18;54
Procurador61;2022000636;1;9;5;5;20;22
Procurador62;2022000984;2;16;10;1;9;41
Procurador63;2022001013;2;5;5;4;16;6
Procurador64;2022001090;3;19;10;2;18;15
Procurador65;2022000133;2;47;10;1;9;84
Procurador66;2022000236;1;7;5;5;20;86
Procurador67;2022000239;1;9;5;5;20;42
Procurador68;2022000374;1;52;15;3;42;29
Procurador69;2022000732;2;7;5;1;4;51
Procurador70;2022000761;2;52;15;2;28;61
Procurador71;2022000863;2;19;10;4;36;33
Procurador72;2022000898;2;8;5;3;12;34
Procurador73;2022000106;1;93;15;3;42;37
Procurador74;2022000167;1;8;5;5;20;85
Procurador75;2022000249;2;57;15;4;56;35
Procurador76;2022000340;1;3;5;3;12;65
Procurador77;2022000355;3;52;15;1;14;49
Procurador78;2022000464;1;2;5;5;20;84
Procurador79;2022000591;1;81;15;3;42;86
Procurador80;2022000713;2;17;10;3;27;55
Procurador81;2022000759;1;7;5;2;8;86
Procurador82;2022000883;1;4;5;3;12;67
Procurador83;2022000922;2;26;10;4;36;41
Procurador84;2022000937;2;16;10;5;45;49
Procurador85;2022000944;2;17;10;5;45;3
Procurador86;2022000967;2;5;5;1;4;11
Procurador87;2022000981;1;16;10;5;45;22
Procurador88;2022000130;3;53;15;4;56;51
Procurador89;2022000350;3;76;15;1;14;82
Procurador90;2022000414;1;48;10;3;27;90
Procurador1;2022000589;2;23;10;1;9;13
Procurador2;2022000600;2;6;5;4;16;30
Procurador3;2022000842;2;82;15;2;28;8
Procurador4;2022000930;1;12;10;1;9;95
Procurador5;2022001007;1;6;5;5;20;96
Procurador6;2022001055;2;15;10;1;9;26
Procurador7;2022001086;3;54;15;5;70;16
Procurador8;2022000152;3;92;15;1;14;7
Procurador9;2022000393;1;18;10;1;9;78
Procurador10;2022000476;1;6;5;3;12;88
Procurador11;2022000508;3;50;10;3;27;70
Procurador12;2022000537;3;90;15;4;56;69
Procurador13;2022000734;1;6;5;3;12;42
Procurador14;2022000764;1;11;10;1;9;40
Procurador15;2022000886;1;48;10;1;9;2
Procurador16;2022001047;1;6;5;2;8;72
Procurador17;2022000128;3;77;15;1;14;21
Procurador18;2022000144;3;6;5;5;20;5
Procurador19;2022000155;1;4;5;4;16;47
Procurador20;2022000175;1;6;5;5;20;19
Procurador21;2022000221;1;8;5;3;12;75
Procurador22;2022000299;1;9;5;1;4;67
Procurador23;2022000314;1;19;10;1;9;33
Procurador24;2022000343;1;87;15;5;70;5
Procurador25;2022000460;3;48;10;1;9;82
Procurador26;2022000564;1;76;15;5;70;26
Procurador27;2022000654;1;32;10;5;45;75
Procurador28;2022000671;3;45;10;2;18;69
Procurador29;2022000697;4;38;10;1;9;72
Procurador30;2022000710;2;22;10;3;27;81
Procurador31;2022000762;1;5;5;5;20;92
Procurador32;2022000807;3;20;10;3;27;38
Procurador33;2022000832;3;61;15;2;28;92
Procurador34;2022001054;1;15;10;4;36;48
Procurador35;2022000194;1;4;5;1;4;28
Procurador36;2022000196;1;13;10;4;36;41
Procurador37;2022000197;1;13;10;3;27;89
Procurador38;2022000286;1;7;5;3;12;45
Procurador39;2022000296;1;13;10;3;27;60
Procurador40;2022000313;4;7;5;3;12;84
Procurador41;2022000364;2;77;15;5;70;20
Procurador42;2022000398;1;63;15;2;28;31
Procurador43;2022000554;1;30;10;3;27;24
Procurador44;2022000629;1;7;5;1;4;55
Procurador45;2022000767;2;22;10;3;27;4
Procurador46;2022000797;3;5;5;4;16;11
Procurador47;2022000897;1;8;5;2;8;22
Procurador48;2022000970;2;9;5;2;8;77
Procurador49;2022001052;1;15;10;2;18;82
Procurador50;2022000114;3;51;15;1;14;85
Procurador51;2022000124;1;4;5;5;20;81
Procurador52;2022000198;1;30;10;1;9;88
Procurador53;2022000219;2;17;10;3;27;72
Procurador54;2022000238;2;23;10;4;36;5
Procurador55;2022000329;2;15;10;2;18;62
Procurador56;2022000484;1;12;10;3;27;67
Procurador57;2022000694;3;86;15;1;14;38
Procurador58;2022000819;2;84;15;2;28;97
Procurador59;2022000878;2;5;5;1;4;94
Procurador60;2022000913;1;8;5;5;20;42
Procurador61;2022001001;2;5;5;4;16;6
Procurador62;2022001011;2;17;10;1;9;83
Procurador63;2022000143;1;8;5;2;8;48
Procurador64;2022000210;2;66;15;3;42;24
Procurador65;2022000227;4;82;15;4;56;76
Procurador66;2022000272;2;22;10;4;36;28
Procurador67;2022000384;3;8;5;3;12;50
Procurador68;2022000440;3;88;15;2;28;88
Procurador69;2022000500;1;15;10;5;45;52
Procurador70;2022000504;1;4;5;5;20;71
Procurador71;2022000639;1;8;5;4;16;6
Procurador72;2022000704;3;58;15;5;70;25
Procurador73;2022000706;3;25;10;3;27;78
Procurador74;2022000778;2;17;10;4;36;79
Procurador75;2022000955;2;9;5;3;12;5
Procurador76;2022001029;1;5;5;1;4;78
Procurador77;2022000467;1;7;5;3;12;70
Procurador78;2022000482;1;2;5;1;4;69
Procurador79;2022000651;1;3;5;3;12;69
Procurador80;2022000980;1;10;5;1;4;36
Procurador81;2022001064;3;40;10;5;45;17
Procurador82;2022000341;2;18;10;5;45;80
Procurador83;2022000347;3;28;10;1;9;69
Procurador84;2022000348;3;10;5;5;20;45
Procurador85;2022000373;1;37;10;1;9;70
Procurador86;2022000439;1;21;10;1;9;34
Procurador87;2022000445;3;85;15;5;70;41
Procurador88;2022000718;1;4;5;4;16;84
Procurador89;2022000875;1;7;5;1;4;33
Procurador90;2022000877;1;7;5;4;16;2
Procurador1;2022000893;1;43;10;5;45;84
Procurador2;2022000924;1;10;5;5;20;60
Procurador3;2022000939;2;7;5;3;12;64
Procurador4;2022001087;3;51;15;2;28;95
Procurador5;2022001112;3;50;10;1;9;20
Procurador6;2022000118;2;16;10;2;18;18
Procurador7;2022000123;1;6;5;4;16;91
Procurador8;2022000166;1;53;15;4;56;83
Procurador9;2022000452;1;7;5;5;20;50
Procurador10;2022000543;4;33;10;3;27;60
Procurador11;2022000780;1;35;10;4;36;86
Procurador12;2022000943;1;10;5;1;4;61
Procurador13;2022000996;2;13;10;5;45;76
Procurador14;2022001010;4;5;5;1;4;86
Procurador15;2022000399;1;75;15;2;28;3
Procurador16;2022000454;1;9;5;1;4;19
Procurador17;2022000523;3;5;5;4;16;81
Procurador18;2022000541;2;54;15;1;14;88
Procurador19;2022000598;1;6;5;4;16;22
Procurador20;2022000645;1;72;15;5;70;22
Procurador21;2022000738;2;24;10;1;9;87
Procurador22;2022000904;1;11;10;3;27;51
Procurador23;2022001110;1;81;15;3;42;28
